{
	"center": [ 39.545893, -119.819441 ],
	"scale": 142110612.24489793,
	"rotate": -45
}
